folder,filename,duration,avg_rating,num_ratings,num_downloads,name
beast,fs_146558_hybrid_monster_growl.mp3,3.09,4.944444444444445,18,1792,Hybrid Monster Growl
beast,fs_171178_monstergrowl_mp3.mp3,2.65,4.7368421052631575,19,3125,MonsterGrowl.mp3
beast,fs_204912_didgeridoo_monster_roar.mp3,3.12,4.48051948051948,77,6809,Didgeridoo Monster Roar
beast,fs_342204_beast_snarling.mp3,3.22,4.515151515151516,33,3247,Beast Snarling
beast,fs_372531_dog_shih_tzu_growling_01_wav.mp3,1.71,4.722222222222222,18,2219,Dog Shih Tzu Growling 01.wav
beast,fs_445983_zombie_gargles.mp3,0.87,4.930232558139535,43,6236,Zombie gargles
beast,fs_466830_dragon_snarl_roar_attack.mp3,3.28,4.5,38,3492,"Dragon: Snarl, Roar + Attack"
beast,fs_555425_zombie_pain_6_wav.mp3,0.67,5.0,17,1269,Zombie Pain 6.wav
beast,fs_625500_animal_dog_growl_01_wav.mp3,2.27,4.285714285714286,35,2862,Animal Dog Growl 01.wav
beast,fs_77634_growl3_wav.mp3,4.34,4.456521739130435,23,2552,growl3.wav
beast,fs_800277_insect_animal_growl_chitter.mp3,1.73,5.0,16,340,Insect Animal Growl Chitter
dragon,fs_132874_monster_short_roar_wav.mp3,1.31,4.764705882352941,34,3940,Monster Short Roar.wav
dragon,fs_316746_large_creature_or_machinery_sound_wav.mp3,4.14,4.363636363636363,22,1147,Large Creature or Machinery Sound.wav
dragon,fs_342203_dragon_ambience.mp3,3.86,3.6470588235294117,17,1274,Dragon Ambience
dragon,fs_342204_beast_snarling.mp3,3.22,4.515151515151516,33,3247,Beast Snarling
dragon,fs_389639_growl_6.mp3,1.07,4.666666666666667,9,1069,Growl 6
dragon,fs_442964_dragon_roar.mp3,3.1,4.59375,32,3706,Dragon Roar
dragon,fs_466830_dragon_snarl_roar_attack.mp3,3.28,4.5,38,3492,"Dragon: Snarl, Roar + Attack"
dragon,fs_476083_cloverfield_roar_wav.mp3,4.89,4.547826086956522,115,7875,cloverfield roar.wav
dragon,fs_546516_tiger_creature_roar_fantasy_monster_sfx_.mp3,4.86,4.454545454545454,22,1249,Tiger Creature Roar Fantasy Monster SFX 201129_0081.wav
dragon,fs_614014_roar8_wav.mp3,1.51,4.791666666666667,24,1614,roar8.wav
dragon,fs_85568_dragon_roar_wav.mp3,2.47,4.577319587628866,194,27022,DRAGON_ROAR.wav
fiend,fs_182874_evilsatanlaugh_ogg.mp3,3.12,4.333333333333333,15,2129,EvilSatanLaugh.ogg
fiend,fs_245223_zombie_roar.mp3,4.49,4.25,36,2003,zombie roar
fiend,fs_333832_demonic_woman_scream_wav.mp3,4.46,4.6938775510204085,294,29322,Demonic Woman Scream.wav
fiend,fs_353550_evil_laugh_1.mp3,3.46,3.4186046511627906,43,3818,Evil Laugh 1
fiend,fs_362330_evil_laugh.mp3,3.12,4.818181818181818,22,1758,Evil Laugh
fiend,fs_427573_joker_laugh_2.mp3,2.76,4.56,25,1915,Joker Laugh 2
fiend,fs_435651_zombie_demon_scream.mp3,2.22,4.892857142857143,56,3996,Zombie Demon Scream
fiend,fs_555421_zombie_pain_4_wav.mp3,0.61,4.833333333333333,18,1327,Zombie Pain 4.wav
fiend,fs_555425_zombie_pain_6_wav.mp3,0.67,5.0,17,1269,Zombie Pain 6.wav
fiend,fs_559107_possessed_laugh_wav.mp3,4.81,4.717391304347826,46,1517,Possessed Laugh.wav
fiend,fs_559137_possessed_laugh_stereo_wav.mp3,4.81,4.785714285714286,28,1100,Possessed Laugh (Stereo).wav
flying,fs_333832_demonic_woman_scream_wav.mp3,4.46,4.6938775510204085,294,29322,Demonic Woman Scream.wav
flying,fs_429212_11_gritos_wav.mp3,4.28,4.0,4,277,11 - Gritos.wav
flying,fs_436572_corella_screech_x2.mp3,2.91,5.0,4,318,Corella screech x2
flying,fs_456802_kea_screaming.mp3,4.43,4.125,8,506,Kea screaming
flying,fs_465697_owl_hoot.mp3,4.39,4.6871165644171775,163,14963,Owl Hoot
flying,fs_536732_caw_ogg.mp3,1.9,4.617647058823529,34,1862,Caw.ogg
flying,fs_556575_a_i_ba_ng_tre_n_kho_ng.mp3,1.45,4.842105263157895,19,723,Đại Bàng Trên Không
flying,fs_66763_raven_mp3.mp3,2.08,4.521428571428571,70,8240,Raven.mp3
flying,fs_683400_seagull1_mp3.mp3,4.4,4.803030303030303,66,1926,seagull1.mp3
flying,fs_697363_eagle_s_mp3.mp3,2.06,4.68,25,1021,Eagle s.mp3
flying,fs_826085_miscellaneous_birds_red_legged_seriema.mp3,3.05,0.0,0,15,Miscellaneous Birds - Red-legged Seriema
generic,fs_132874_monster_short_roar_wav.mp3,1.31,4.764705882352941,34,3940,Monster Short Roar.wav
generic,fs_171178_monstergrowl_mp3.mp3,2.65,4.7368421052631575,19,3125,MonsterGrowl.mp3
generic,fs_204912_didgeridoo_monster_roar.mp3,3.12,4.48051948051948,77,6809,Didgeridoo Monster Roar
generic,fs_347410_monster_roar_02.mp3,4.8,4.405405405405405,74,3860,Monster Roar 02
generic,fs_466830_dragon_snarl_roar_attack.mp3,3.28,4.5,38,3492,"Dragon: Snarl, Roar + Attack"
generic,fs_476083_cloverfield_roar_wav.mp3,4.89,4.547826086956522,115,7875,cloverfield roar.wav
generic,fs_487513_monster_roar.mp3,2.76,4.384615384615385,39,3253,Monster Roar
generic,fs_489901_scary_monster_roar_2.mp3,2.78,4.608695652173913,46,5919,Scary Monster Roar #2
generic,fs_497056_low_monster_roar.mp3,4.42,4.608695652173913,23,2185,Low Monster Roar
generic,fs_567892_scream_wav.mp3,2.29,4.852941176470588,34,2314,Scream.wav
generic,fs_77634_growl3_wav.mp3,4.34,4.456521739130435,23,2552,growl3.wav
giant,fs_203594_man_scream_ogg.mp3,0.96,4.2592592592592595,54,9885,man scream.ogg
giant,fs_204912_didgeridoo_monster_roar.mp3,3.12,4.48051948051948,77,6809,Didgeridoo Monster Roar
giant,fs_221670_ich_koennt_kotzen_wav.mp3,2.62,4.419354838709677,31,3227,Ich_koennt_kotzen.wav
giant,fs_315772_dragon_roar_big_angry_aiff.mp3,3.27,4.833333333333333,12,422,dragon roar big angry.aiff
giant,fs_324422_zerillo_alexandre_2015_2016_doorzillareb.mp3,4.75,3.625,8,295,ZERILLO_Alexandre_2015_2016_DoorzillaReborn.wav
giant,fs_411756_generic_roar_2_wav.mp3,3.97,5.0,3,138,Generic roar 2.wav
giant,fs_429083_big_roar_wav.mp3,2.98,3.9166666666666665,12,643,Big Roar.wav
giant,fs_570858_shadowboss_attack_wav.mp3,3.71,4.6,5,595,shadowBoss_attack.wav
giant,fs_607201_defeated_ogre_wav.mp3,2.76,4.125,16,1768,Defeated_Ogre.wav
giant,fs_607202_defeated_hellpig_wav.mp3,2.08,4.133333333333334,15,1347,Defeated_Hellpig.wav
giant,fs_825469_genericunknowntypemonsterroar.mp3,3.56,4.2,10,255,GenericUnknownTypeMonsterRoar
goblinoid,fs_202096_goblin_cackle_wav.mp3,2.19,4.794871794871795,39,3521,Goblin Cackle.wav
goblinoid,fs_202100_goblin_scream_wav.mp3,2.45,4.75,40,4282,Goblin Scream.wav
goblinoid,fs_205751_imp_laugh.mp3,0.98,4.083333333333333,36,2733,Imp Laugh
goblinoid,fs_249813_goblin_death_wav.mp3,1.67,4.771428571428571,35,6190,Goblin Death.wav
goblinoid,fs_42201_snarl_wav.mp3,4.09,4.329166666666667,120,8631,snarl.wav
goblinoid,fs_445119_animal_cartoon_cooing_curr_parrot.mp3,1.51,4.545454545454546,22,2081,"Animal / Cartoon - Cooing, Curr - Parrot"
goblinoid,fs_445120_cartoon_chihuahua_snarl.mp3,1.15,4.5,20,1812,Cartoon - Chihuahua Snarl
goblinoid,fs_482339_annoying_jungle_creature.mp3,1.26,5.0,4,170,Annoying Jungle Creature
goblinoid,fs_482340_angry_goblin_1_2.mp3,0.6,5.0,3,191,Angry Goblin 1_2
goblinoid,fs_482341_angry_goblin_1_1.mp3,1.02,5.0,4,85,Angry Goblin 1_1
goblinoid,fs_728102_synthetic_bear_growl_2.mp3,2.95,4.285714285714286,14,671,Synthetic Bear Growl 2
insect,fs_134813_bee_beat_wav.mp3,2.44,4.782608695652174,23,1553,bee beat.wav
insect,fs_352075_house_fly_take_of_fly_by.mp3,4.08,4.928571428571429,14,435,"House Fly, Take Of, Fly By"
insect,fs_390733_buzzing_insect_short_mp3.mp3,1.02,4.444444444444445,18,1398,Buzzing Insect Short.mp3
insect,fs_398486_wasp_wings_1.mp3,0.83,4.7727272727272725,22,1434,Wasp Wings 1
insect,fs_398487_wasp_wings_2.mp3,1.21,4.916666666666667,24,968,Wasp Wings 2
insect,fs_400663_cricket_chirp.mp3,1.25,4.818181818181818,33,2732,Cricket Chirp
insect,fs_467857_artificial_cricket_chirp.mp3,1.0,3.0,2,130,Artificial Cricket Chirp
insect,fs_642010_fly_buzzing_my_head_at_a_lake.mp3,4.68,4.833333333333333,6,515,Fly buzzing my head at a lake
insect,fs_69439_synth_cricket_wav.mp3,2.0,4.61,50,2530,synth-cricket.wav
insect,fs_800277_insect_animal_growl_chitter.mp3,1.73,5.0,16,340,Insect Animal Growl Chitter
insect,fs_846433_insects_bee_honeybee_buzz_close_perspect.mp3,3.81,5.0,6,159,"Insects - Bee; Honeybee, Buzz, Close Perspective"
monster,fs_132874_monster_short_roar_wav.mp3,1.31,4.764705882352941,34,3940,Monster Short Roar.wav
monster,fs_171178_monstergrowl_mp3.mp3,2.65,4.7368421052631575,19,3125,MonsterGrowl.mp3
monster,fs_204912_didgeridoo_monster_roar.mp3,3.12,4.48051948051948,77,6809,Didgeridoo Monster Roar
monster,fs_342204_beast_snarling.mp3,3.22,4.515151515151516,33,3247,Beast Snarling
monster,fs_347410_monster_roar_02.mp3,4.8,4.405405405405405,74,3860,Monster Roar 02
monster,fs_466830_dragon_snarl_roar_attack.mp3,3.28,4.5,38,3492,"Dragon: Snarl, Roar + Attack"
monster,fs_476083_cloverfield_roar_wav.mp3,4.89,4.547826086956522,115,7875,cloverfield roar.wav
monster,fs_487513_monster_roar.mp3,2.76,4.384615384615385,39,3253,Monster Roar
monster,fs_489901_scary_monster_roar_2.mp3,2.78,4.608695652173913,46,5919,Scary Monster Roar #2
monster,fs_567892_scream_wav.mp3,2.29,4.852941176470588,34,2314,Scream.wav
monster,fs_77634_growl3_wav.mp3,4.34,4.456521739130435,23,2552,growl3.wav
ooze,fs_217317_squelch_1_wav.mp3,1.75,4.0,4,1088,Squelch 1.wav
ooze,fs_360942_splat_ogg.mp3,0.77,4.746666666666667,75,6626,splat.ogg
ooze,fs_433814_slime_11_wav.mp3,3.52,4.875,8,671,Slime 11.wav
ooze,fs_433815_slime_10_wav.mp3,4.34,3.8333333333333335,6,670,Slime 10.wav
ooze,fs_433816_slime_17_wav.mp3,1.26,4.0,8,653,Slime 17.wav
ooze,fs_433817_slime_16_wav.mp3,1.66,4.166666666666667,6,818,Slime 16.wav
ooze,fs_433820_slime_19_wav.mp3,2.35,4.555555555555555,9,701,Slime 19.wav
ooze,fs_445968_so_slimy.mp3,2.32,4.581818181818182,55,4477,So slimy!
ooze,fs_495117_wet_splat_2_mp3.mp3,0.52,4.913793103448276,58,3902,Wet Splat 2.mp3
ooze,fs_500912_squish_impact.mp3,1.88,4.859649122807017,57,4149,Squish impact
ooze,fs_649982_squelching_sfx_6.mp3,0.99,4.888888888888889,18,724,Squelching SFX [6]
serpent,fs_146558_hybrid_monster_growl.mp3,3.09,4.944444444444445,18,1792,Hybrid Monster Growl
serpent,fs_146960_cathisses_wav.mp3,2.31,4.65,60,8983,catHisses.wav
serpent,fs_146963_cathisses1_wav.mp3,1.51,4.8,30,2063,catHisses1.wav
serpent,fs_343927_hiss2_wav.mp3,0.64,3.938775510204082,49,3434,hiss2.wav
serpent,fs_343928_hiss3_wav.mp3,0.88,3.5384615384615383,39,2281,hiss3.wav
serpent,fs_447636_his_hissing_cat_snake_wav.mp3,1.31,4.121951219512195,41,1671,HIS_hissing_cat_snake.wav
serpent,fs_540162_snake_hissing_mp3.mp3,2.95,4.574712643678161,87,8162,Snake hissing.mp3
serpent,fs_553374_snake_hiss.mp3,3.6,4.74,50,4337,Snake Hiss
serpent,fs_683097_bubble_bursting.mp3,0.92,4.706896551724138,58,1920,bubble bursting
serpent,fs_846337_reptiles_snake_mexican_black_kingsnake_s.mp3,0.67,0.0,0,19,"Reptiles - Snake; Mexican Black Kingsnake, Short Hiss and Lunge"
serpent,fs_855914_reptiles_snake_timber_rattlesnake_rattle.mp3,1.29,0.0,0,40,"Reptiles - Snake; Timber Rattlesnake, Rattle, Close Perspective"
swarm,fs_134813_bee_beat_wav.mp3,2.44,4.782608695652174,23,1553,bee beat.wav
swarm,fs_265247_civilian_stun_gun_1_2_second_zap.mp3,3.57,4.516129032258064,31,2303,Civilian Stun Gun 1/2 second zap
swarm,fs_352075_house_fly_take_of_fly_by.mp3,4.08,4.928571428571429,14,435,"House Fly, Take Of, Fly By"
swarm,fs_390733_buzzing_insect_short_mp3.mp3,1.02,4.444444444444445,18,1398,Buzzing Insect Short.mp3
swarm,fs_398486_wasp_wings_1.mp3,0.83,4.7727272727272725,22,1434,Wasp Wings 1
swarm,fs_398487_wasp_wings_2.mp3,1.21,4.916666666666667,24,968,Wasp Wings 2
swarm,fs_481647_bee_buzzing.mp3,2.52,4.393442622950819,61,6836,Bee Buzzing
swarm,fs_702790_tr_t_summ_eto_mp3.mp3,0.81,3.0,2,65,Tröt_Summ_ETO.mp3
swarm,fs_800536_8_toaster_rise.mp3,0.49,4.7894736842105265,19,535,8. Toaster rise
swarm,fs_846433_insects_bee_honeybee_buzz_close_perspect.mp3,3.81,5.0,6,159,"Insects - Bee; Honeybee, Buzz, Close Perspective"
swarm,fs_856766_wasp_buzzing_02.mp3,3.61,5.0,1,27,Wasp Buzzing 02
undead,fs_108445_zombie_noises_dvrb_01_wav.mp3,3.09,4.6,10,1475,zombie noises-Dvrb_01.wav
undead,fs_179345_monster_zombie_scream_wav.mp3,2.66,4.565217391304348,23,2144,Monster Zombie Scream.wav
undead,fs_188034_bones_2.mp3,1.13,4.25,28,2320,Bones 2
undead,fs_202091_falling_bones_wav.mp3,2.88,4.558441558441558,77,7596,Falling Bones.wav
undead,fs_323819_zombie_growl.mp3,4.15,4.75,28,2033,zombie growl
undead,fs_420252_step_skeleton.mp3,1.19,4.5,16,1824,step  skeleton
undead,fs_463721_burp_monster_zombie_groan_moan.mp3,2.79,3.9722222222222223,36,5720,Burp Monster Zombie groan moan
undead,fs_473526_bones_mp3.mp3,4.68,4.75,40,2474,bones.mp3
undead,fs_555414_zombie_growl_3_wav.mp3,3.76,4.739130434782608,23,2215,Zombie Growl 3.wav
undead,fs_555419_zombie_hit_2_wav.mp3,0.9,4.8,10,995,Zombie Hit 2.wav
undead,fs_643741_ghostly_moan_mp3.mp3,4.98,4.583333333333333,24,1030,Ghostly Moan.mp3
